Name,URL,Company_Website,Confidence
1Digital Agency,https://mjbizcon2025.smallworldlabs.com/co/1digital-agency,https://1digitalagency.com,100
3 Dragons Brewing,https://mjbizcon2025.smallworldlabs.com/co/3-dragons-brewing,https://3dragonsbrewing.com,100
365 Cannabis,https://mjbizcon2025.smallworldlabs.com/co/365-cannabis,https://365cannabis.com,70
3WIN CORP,https://mjbizcon2025.smallworldlabs.com/co/3win-corp,https://3win.co,75
A&D Weighing,https://mjbizcon2025.smallworldlabs.com/co/a-d-weighing,,0
A.E. Perkins,https://mjbizcon2025.smallworldlabs.com/co/a-e-perkins,https://aeperkins.co,75
AAF International,https://mjbizcon2025.smallworldlabs.com/co/aaf-international,https://aafinternational.com,70
AB Lighting,https://mjbizcon2025.smallworldlabs.com/co/ab-lighting,https://ablighting.com,75
ACE ROLLING INTERNATIONAL LIMITED,https://mjbizcon2025.smallworldlabs.com/co/ace-rolling-international-limited,,0
ACTIVE™ (formerly AVD),https://mjbizcon2025.smallworldlabs.com/co/active-formerly-avd,,0
AE Global,https://mjbizcon2025.smallworldlabs.com/co/ae-global,https://aeglobal.com,75
"AFJ Technology Co., Ltd",https://mjbizcon2025.smallworldlabs.com/co/afj-technology-co-ltd,,0
ALD Group Limited,https://mjbizcon2025.smallworldlabs.com/co/ald-group-limited,,0
APPS Inc,https://mjbizcon2025.smallworldlabs.com/co/apps-inc,https://apps.co,75
ARTRIX,https://mjbizcon2025.smallworldlabs.com/co/artrix,https://artrix.com,75
ASUWANT PACKAGING INC.,https://mjbizcon2025.smallworldlabs.com/co/asuwant-packaging-inc,https://asuwantpackaging.com,80
ASYGN,https://mjbizcon2025.smallworldlabs.com/co/asygn,https://asygn.com,75
"ATOP Lighting Co., Ltd.",https://mjbizcon2025.smallworldlabs.com/co/atop-lighting-co-ltd,,0
AUI Fine Foods,https://mjbizcon2025.smallworldlabs.com/co/aui-fine-foods,https://auifinefoods.com,100
AZ Cash Solutions LLC,https://mjbizcon2025.smallworldlabs.com/co/az-cash-solutions-llc,,0
Abstrax,https://mjbizcon2025.smallworldlabs.com/co/abstrax,https://www.abstrax.com,75
Accelerant Manufacturing,https://mjbizcon2025.smallworldlabs.com/co/accelerant-manufacturing,https://accelerantmanufacturing.com,100
Access Rosin,https://mjbizcon2025.smallworldlabs.com/co/access-rosin,https://accessrosin.com,100
Accounting Buds,https://mjbizcon2025.smallworldlabs.com/co/accounting-buds,https://accountingbuds.com,100
AccuBANKER,https://mjbizcon2025.smallworldlabs.com/co/accubanker,https://accubanker.com,75
AccuCycler,https://mjbizcon2025.smallworldlabs.com/co/accucycler,,0
Across International,https://mjbizcon2025.smallworldlabs.com/co/across-international,https://www.acrossinternational.com,75
Acrylic World,https://mjbizcon2025.smallworldlabs.com/co/acrylic-world,https://acrylicworld.net,100
Advanced Extraction Labs,https://mjbizcon2025.smallworldlabs.com/co/advanced-extraction-labs,https://advancedextractionlabs.com,100
Advanced Nutrients,https://mjbizcon2025.smallworldlabs.com/co/advanced-nutrients,https://advancednutrients.com,100
"Agdia, Inc",https://mjbizcon2025.smallworldlabs.com/co/agdia-inc,,0
AgeChecker.Net,https://mjbizcon2025.smallworldlabs.com/co/agechecker-net,,0
Agronomic IQ,https://mjbizcon2025.smallworldlabs.com/co/agronomic-iq,https://agronomiciq.com,75
Agrowtek Inc,https://mjbizcon2025.smallworldlabs.com/co/agrowtek-inc,https://agrowtek.com,75
Air & Water Systems,https://mjbizcon2025.smallworldlabs.com/co/air-water-systems,,0
AirGrean Enterprises,https://mjbizcon2025.smallworldlabs.com/co/airgrean-enterprises,,0
AirROS by SAGE Industrial,https://mjbizcon2025.smallworldlabs.com/co/airros-by-sage-industrial,,0
Alconox Inc.,https://mjbizcon2025.smallworldlabs.com/co/alconox-inc,https://alconox.com,75
Alpine IQ Inc.,https://mjbizcon2025.smallworldlabs.com/co/alpine-iq-inc,https://alpineiq.com,75
Ambrosia Cropz,https://mjbizcon2025.smallworldlabs.com/co/ambrosia-cropz,https://ambrosiacropz.com,100
Amcor Flexibles North America,https://mjbizcon2025.smallworldlabs.com/co/amcor-flexibles-north-america,,0
AmeriVacS,https://mjbizcon2025.smallworldlabs.com/co/amerivacs,https://amerivacs.com,75
American Ethanol,https://mjbizcon2025.smallworldlabs.com/co/american-ethanol,,0
American Ultraviolet,https://mjbizcon2025.smallworldlabs.com/co/american-ultraviolet,https://americanultraviolet.com,100
Amoretti,https://mjbizcon2025.smallworldlabs.com/co/amoretti,https://amoretti.com,75
Ampak Chemicals / Breen laboratories,https://mjbizcon2025.smallworldlabs.com/co/ampak-chemicals-breen-laboratories,,0
Anden,https://mjbizcon2025.smallworldlabs.com/co/anden,https://anden.co,75
"Andylots Tin Box Packaging Co.,Ltd.",https://mjbizcon2025.smallworldlabs.com/co/andylots-tin-box-packaging-co-ltd,,0
"Apex Flavors, Inc.",https://mjbizcon2025.smallworldlabs.com/co/apex-flavors-inc,https://apexflavors.com,75
Apex Trading,https://mjbizcon2025.smallworldlabs.com/co/apex-trading,https://www.apextrading.com,100
"Apogee Instruments, Inc.",https://mjbizcon2025.smallworldlabs.com/co/apogee-instruments-inc,https://www.apogeeinstruments.com,75
Arborjet,https://mjbizcon2025.smallworldlabs.com/co/arborjet,https://arborjet.com,75
Arcana Collective,https://mjbizcon2025.smallworldlabs.com/co/arcana-collective,https://arcanacollective.net,100
Argus Control Systems Ltd.,https://mjbizcon2025.smallworldlabs.com/co/argus-control-systems-ltd,,0
Art Rolls,https://mjbizcon2025.smallworldlabs.com/co/art-rolls,https://artrolls.com,75
Asia Direct Packaging Corp,https://mjbizcon2025.smallworldlabs.com/co/asia-direct-packaging-corp,https://asiadirectpackaging.com,100
Aspyre Equipment,https://mjbizcon2025.smallworldlabs.com/co/aspyre-equipment,https://aspyreequipment.com,100
Azuca,https://mjbizcon2025.smallworldlabs.com/co/azuca,https://azuca.com,75
BFG Supply,https://mjbizcon2025.smallworldlabs.com/co/bfg-supply,https://bfgsupply.com,75
BIC,https://mjbizcon2025.smallworldlabs.com/co/bic,,0
BIG Incentive Group,https://mjbizcon2025.smallworldlabs.com/co/big-incentive-group,https://www.bigincentivegroup.com,100
BIOS Grow Lights,https://mjbizcon2025.smallworldlabs.com/co/bios-grow-lights,https://biosgrowlights.com,100
BLAZE,https://mjbizcon2025.smallworldlabs.com/co/blaze,https://blaze.com,75
BOLD Carts,https://mjbizcon2025.smallworldlabs.com/co/bold-carts,https://boldcarts.com,100
BOLD MAKER,https://mjbizcon2025.smallworldlabs.com/co/bold-maker,https://boldmaker.com,100
BRMS LLC,https://mjbizcon2025.smallworldlabs.com/co/brms-llc,,0
BVV,https://mjbizcon2025.smallworldlabs.com/co/bvv,,0
Baker Perkins,https://mjbizcon2025.smallworldlabs.com/co/baker-perkins,https://bakerperkins.com,100
Bankcard International Group,https://mjbizcon2025.smallworldlabs.com/co/bankcard-international-group,https://bankcardinternationalgroup.com,100
Barneys Farm Genetics,https://mjbizcon2025.smallworldlabs.com/co/barneys-farm-genetics,,0
"BatchNav, Inc.",https://mjbizcon2025.smallworldlabs.com/co/batchnav-inc,,0
Beaker & Wrench,https://mjbizcon2025.smallworldlabs.com/co/beaker-wrench,https://beakerwrench.com,100
Beamer,https://mjbizcon2025.smallworldlabs.com/co/beamer,https://beamer.co,75
Bear Rootz Inc.,https://mjbizcon2025.smallworldlabs.com/co/bear-rootz-inc,,0
Best Bud Brands LLC,https://mjbizcon2025.smallworldlabs.com/co/best-bud-brands-llc,,0
Better Tomorrow Consulting and Coaching,https://mjbizcon2025.smallworldlabs.com/co/better-tomorrow-consulting-and-coaching,,0
BioBee USA,https://mjbizcon2025.smallworldlabs.com/co/biobee-usa,,0
BioSafe Systems,https://mjbizcon2025.smallworldlabs.com/co/biosafe-systems,https://biosafesystems.com,100
BioTherm / TrueLeaf Technologies,https://mjbizcon2025.smallworldlabs.com/co/biotherm-trueleaf-technologies,,0
BioTrack Alleaves,https://mjbizcon2025.smallworldlabs.com/co/biotrack-alleaves,,0
Biobizz World Wide Organics,https://mjbizcon2025.smallworldlabs.com/co/biobizz-world-wide-organics,,0
Black Mamba,https://mjbizcon2025.smallworldlabs.com/co/black-mamba,https://blackmamba.com,100
Blazy Susan LLC,https://mjbizcon2025.smallworldlabs.com/co/blazy-susan-llc,https://blazysusan.com,80
Blimburn Seeds,https://mjbizcon2025.smallworldlabs.com/co/blimburn-seeds,https://blimburnseeds.com,100
Blue Label Packaging Company,https://mjbizcon2025.smallworldlabs.com/co/blue-label-packaging-company,https://bluelabelpackaging.com,100
Bong Pong,https://mjbizcon2025.smallworldlabs.com/co/bong-pong,https://bongpong.com,100
Boshang Technology (HK) Limited,https://mjbizcon2025.smallworldlabs.com/co/boshang-technology-hk-limited,,0
"Boulderlamp, Inc",https://mjbizcon2025.smallworldlabs.com/co/boulderlamp-inc,,0
Boveda,https://mjbizcon2025.smallworldlabs.com/co/boveda,https://boveda.com,75
Brand My Beverage,https://mjbizcon2025.smallworldlabs.com/co/brand-my-beverage,https://brandmybeverage.com,100
Brandco Distributing LLC C/O Royal Queen Seeds,https://mjbizcon2025.smallworldlabs.com/co/brandco-distributing-llc-c-o-royal-queen-seed,,0
Breeza Industrial,https://mjbizcon2025.smallworldlabs.com/co/breeza-industrial,https://breezaindustrial.com,100
Bud Bar Displays,https://mjbizcon2025.smallworldlabs.com/co/bud-bar-displays,https://budbardisplays.com,75
Buffalo Extraction Systems Pvt Ltd.,https://mjbizcon2025.smallworldlabs.com/co/buffalo-extraction-systems-pvt-ltd,,0
Bush Refrigerated Vans,https://mjbizcon2025.smallworldlabs.com/co/bush-refrigerated-vans,,0
CANNA Continental,https://mjbizcon2025.smallworldlabs.com/co/canna-continental,,0
CANNA PACK,https://mjbizcon2025.smallworldlabs.com/co/canna-pack,https://cannapack.com,100
CASSEL Inspection,https://mjbizcon2025.smallworldlabs.com/co/cassel-inspection,https://casselinspection.com,100
CCELL,https://mjbizcon2025.smallworldlabs.com/co/ccell,https://ccell.com,75
CHUBBY GORILLA INC.,https://mjbizcon2025.smallworldlabs.com/co/chubby-gorilla-inc,https://chubbygorilla.com,80
CNC Packaging INC,https://mjbizcon2025.smallworldlabs.com/co/cnc-packaging-inc,https://cncpackaging.com,75
CPM Crown,https://mjbizcon2025.smallworldlabs.com/co/cpm-crown,,0
CROPSALT NUTRIENTS,https://mjbizcon2025.smallworldlabs.com/co/cropsalt-nutrients,https://cropsaltnutrients.com,100
Cal Valley,https://mjbizcon2025.smallworldlabs.com/co/cal-valley,https://calvalley.com,75
Caleaf Tech,https://mjbizcon2025.smallworldlabs.com/co/caleaf-tech,https://caleaftech.com,100
CaliKaya™,https://mjbizcon2025.smallworldlabs.com/co/calikaya,https://calikaya.com,70
Calico Brands Inc.,https://mjbizcon2025.smallworldlabs.com/co/calico-brands-inc,https://calicobrands.com,80
California Lightworks,https://mjbizcon2025.smallworldlabs.com/co/california-lightworks,https://californialightworks.com,100
CalyFx,https://mjbizcon2025.smallworldlabs.com/co/calyfx,https://www.calyfx.com,75
Calyx CPA LLC,https://mjbizcon2025.smallworldlabs.com/co/calyx-cpa-llc,,0
Calyx Containers,https://mjbizcon2025.smallworldlabs.com/co/calyx-containers,https://calyxcontainers.com,100
Canapa by Paxiom,https://mjbizcon2025.smallworldlabs.com/co/canapa-by-paxiom,,0
Canix,https://mjbizcon2025.smallworldlabs.com/co/canix,https://canix.com,75
Canna Carton,https://mjbizcon2025.smallworldlabs.com/co/canna-carton,https://cannacarton.com,100
Canna Supply House,https://mjbizcon2025.smallworldlabs.com/co/canna-supply-house,https://cannasupplyhouse.com,100
CannaZip,https://mjbizcon2025.smallworldlabs.com/co/cannazip,https://cannazip.com,75
Cannatrol,https://mjbizcon2025.smallworldlabs.com/co/cannatrol,https://cannatrol.com,75
Canndelta,https://mjbizcon2025.smallworldlabs.com/co/canndelta,https://canndelta.com,75
Cannvital Bulk CBD CBG CBN,https://mjbizcon2025.smallworldlabs.com/co/cannvital-bulk-cbd-cbg-cbn,,0
Capmatic Ltd,https://mjbizcon2025.smallworldlabs.com/co/capmatic-ltd,https://capmatic.com,75
Capsoil Technologies,https://mjbizcon2025.smallworldlabs.com/co/capsoil-technologies,,0
Cassida USA,https://mjbizcon2025.smallworldlabs.com/co/cassida-usa,https://cassidausa.com,75
Catalyst BC,https://mjbizcon2025.smallworldlabs.com/co/catalyst-bc,https://catalystbc.com,75
Cennox,https://mjbizcon2025.smallworldlabs.com/co/cennox,https://cennox.com,75
CenturionPro Solutions Inc.,https://mjbizcon2025.smallworldlabs.com/co/centurionpro-solutions-inc,https://centurionprosolutions.com,80
Cheech and Chong's Cannabis Company,https://mjbizcon2025.smallworldlabs.com/co/cheech-and-chong-s-cannabis-company,https://cheechandchongscannabis.com,75
Chemtainer Industries,https://mjbizcon2025.smallworldlabs.com/co/chemtainer-industries,https://chemtainerindustries.com,100
Chemtech Services Inc.,https://mjbizcon2025.smallworldlabs.com/co/chemtech-services-inc,,0
Chorus,https://mjbizcon2025.smallworldlabs.com/co/chorus,https://chorus.co,75
Cintas Corporation,https://mjbizcon2025.smallworldlabs.com/co/cintas-corporation,https://cintas.com,75
ClearBags,https://mjbizcon2025.smallworldlabs.com/co/clearbags,https://clearbags.com,75
Climate Control Systems / Nebula Grow,https://mjbizcon2025.smallworldlabs.com/co/climate-control-systems-nebula-grow,,0
Coastal Vape Co,https://mjbizcon2025.smallworldlabs.com/co/coastal-vape-co,https://coastalvape.com,100
Coirgro,https://mjbizcon2025.smallworldlabs.com/co/coirgro,https://coirgro.com,75
Color Labels and More,https://mjbizcon2025.smallworldlabs.com/co/color-labels-and-more,https://colorlabelsandmore.com,100
Compound Genetics,https://mjbizcon2025.smallworldlabs.com/co/compound-genetics,,0
ConeMaster DBA Nilef Cone,https://mjbizcon2025.smallworldlabs.com/co/conemaster-dba-nilef-cone,,0
Cure8,https://mjbizcon2025.smallworldlabs.com/co/cure8,,0
Custom 420 Supply,https://mjbizcon2025.smallworldlabs.com/co/custom-420-supply,https://custom420supply.com,100
Cutco Closing Gifts,https://mjbizcon2025.smallworldlabs.com/co/cutco-closing-gifts,https://cutcoclosinggifts.com,100
DACHI TASARIM DIS TİC LTD ŞTİ,https://mjbizcon2025.smallworldlabs.com/co/dachi-tasarim-dis-t-c-ltd-t,,0
DAG,https://mjbizcon2025.smallworldlabs.com/co/dag,,0
DANK SMOKE,https://mjbizcon2025.smallworldlabs.com/co/dank-smoke,,0
DETEX Corp.,https://mjbizcon2025.smallworldlabs.com/co/detex-corp,https://detex.com,75
DISPOMART,https://mjbizcon2025.smallworldlabs.com/co/dispomart,https://dispomart.co,75
DL Wholesale inc.,https://mjbizcon2025.smallworldlabs.com/co/dl-wholesale-inc,https://dlwholesale.com,75
Dablicator™,https://mjbizcon2025.smallworldlabs.com/co/dablicator,https://dablicator.com,70
"Dartronics, Inc.",https://mjbizcon2025.smallworldlabs.com/co/dartronics-inc,,0
DaySavers,https://mjbizcon2025.smallworldlabs.com/co/daysavers,https://daysavers.com,75
Deconix,https://mjbizcon2025.smallworldlabs.com/co/deconix,https://deconix.com,75
Defend by Tactacam,https://mjbizcon2025.smallworldlabs.com/co/defend-by-tactacam,,0
Desert Aire LLC,https://mjbizcon2025.smallworldlabs.com/co/desert-aire-llc,https://desertaire.com,80
Detroit Dispensing Solutions,https://mjbizcon2025.smallworldlabs.com/co/detroit-dispensing-solutions,https://detroitdispensingsolutions.com,100
Deutsche Process,https://mjbizcon2025.smallworldlabs.com/co/deutsche-process,https://deutscheprocess.com,100
Dimlux Lighting,https://mjbizcon2025.smallworldlabs.com/co/dimlux-lighting,https://dimluxlighting.com,100
Dispenza,https://mjbizcon2025.smallworldlabs.com/co/dispenza,https://dispenza.com,75
Done Power,https://mjbizcon2025.smallworldlabs.com/co/done-power,https://www.donepower.com,100
Dutchie,https://mjbizcon2025.smallworldlabs.com/co/dutchie,https://dutchie.com,75
Dyspensr,https://mjbizcon2025.smallworldlabs.com/co/dyspensr,https://dyspensr.com,75
E.L. Products,https://mjbizcon2025.smallworldlabs.com/co/e-l-products,,0
ENS Security LLC,https://mjbizcon2025.smallworldlabs.com/co/ens-security-llc,https://enssecurity.com,75
EZ Trim Harvesting and Consulting,https://mjbizcon2025.smallworldlabs.com/co/ez-trim-harvesting-and-consulting,,0
East West Trading Corp,https://mjbizcon2025.smallworldlabs.com/co/east-west-trading-corp,,0
Eflo,https://mjbizcon2025.smallworldlabs.com/co/eflo,https://eflo.com,75
EkkoEssence,https://mjbizcon2025.smallworldlabs.com/co/ekkoessence,https://ekkoessence.com,75
Elevated Equipment Supply,https://mjbizcon2025.smallworldlabs.com/co/elevated-equipment-supply,https://elevatedequipmentsupply.com,100
Emerald Green Technology,https://mjbizcon2025.smallworldlabs.com/co/emerald-green-technology,https://emeraldgreentechnology.com,100
EmulsiFi,https://mjbizcon2025.smallworldlabs.com/co/emulsifi,https://emulsifi.com,75
EnGrow,https://mjbizcon2025.smallworldlabs.com/co/engrow,https://engrow.co,75
Endless Biotech,https://mjbizcon2025.smallworldlabs.com/co/endless-biotech,https://endlessbiotech.com,100
Erth Wellness / Road Trip,https://mjbizcon2025.smallworldlabs.com/co/erth-wellness-road-trip,,0
EstTech Inc,https://mjbizcon2025.smallworldlabs.com/co/esttech-inc,https://esttech.com,75
Exotic Genetix,https://mjbizcon2025.smallworldlabs.com/co/exotic-genetix,https://exoticgenetix.com,100
Exp Brands Inc.,https://mjbizcon2025.smallworldlabs.com/co/exp-brands-inc,https://expbrands.com,75
Eybna Technologies,https://mjbizcon2025.smallworldlabs.com/co/eybna-technologies,,0
FBM USA Corp,https://mjbizcon2025.smallworldlabs.com/co/fbm-usa-corp,,0
FLER,https://mjbizcon2025.smallworldlabs.com/co/fler,https://fler.co,75
FLUX Pumps Corporation,https://mjbizcon2025.smallworldlabs.com/co/flux-pumps-corporation,https://fluxpumps.com,80
"FabricAir, Inc.",https://mjbizcon2025.smallworldlabs.com/co/fabricair-inc,,0
Faven Lighting Company,https://mjbizcon2025.smallworldlabs.com/co/faven-lighting-company,https://favenlighting.com,80
Federal Equipment Company,https://mjbizcon2025.smallworldlabs.com/co/federal-equipment-company,https://federalequipment.com,80
Filterbuy Business,https://mjbizcon2025.smallworldlabs.com/co/filterbuy-business,https://filterbuybusiness.com,100
Finger of God,https://mjbizcon2025.smallworldlabs.com/co/finger-of-god,https://fingerofgod.com,75
Finished Goods,https://mjbizcon2025.smallworldlabs.com/co/finished-goods,https://finishedgoods.com,100
Finland Technology Solutions,https://mjbizcon2025.smallworldlabs.com/co/finland-technology-solutions,,0
First Citizens Bank,https://mjbizcon2025.smallworldlabs.com/co/first-citizens-bank,https://firstcitizensbank.com,100
Fishbowl Inc.,https://mjbizcon2025.smallworldlabs.com/co/fishbowl-inc,https://fishbowl.com,75
Flex Payment Solutions,https://mjbizcon2025.smallworldlabs.com/co/flex-payment-solutions,https://flexpaymentsolutions.com,100
Flexible Packaging Experts,https://mjbizcon2025.smallworldlabs.com/co/flexible-packaging-experts,,0
Flexstar – Sinowell,https://mjbizcon2025.smallworldlabs.com/co/flexstar-sinowell,,0
Fluence,https://mjbizcon2025.smallworldlabs.com/co/fluence,https://fluence.com,75
Fluid Chillers,https://mjbizcon2025.smallworldlabs.com/co/fluid-chillers,https://fluidchillers.com,100
Fluxwerx Manufacturing LLC,https://mjbizcon2025.smallworldlabs.com/co/fluxwerx-manufacturing-llc,https://fluxwerxmanufacturing.com,80
Fogco Systems,https://mjbizcon2025.smallworldlabs.com/co/fogco-systems,,0
"Fohse, Inc.",https://mjbizcon2025.smallworldlabs.com/co/fohse-inc,,0
Folded Cartons,https://mjbizcon2025.smallworldlabs.com/co/folded-cartons,https://foldedcartons.com,100
Foretwentee Golf Co,https://mjbizcon2025.smallworldlabs.com/co/foretwentee-golf-co,,0
Forte,https://mjbizcon2025.smallworldlabs.com/co/forte,https://forte.co,75
Franklin Miller,https://mjbizcon2025.smallworldlabs.com/co/franklin-miller,https://franklinmiller.com,100
Front Row Ag,https://mjbizcon2025.smallworldlabs.com/co/front-row-ag,https://frontrowag.com,75
Futurola USA,https://mjbizcon2025.smallworldlabs.com/co/futurola-usa,https://futurolausa.com,75
Galcon-Sentek,https://mjbizcon2025.smallworldlabs.com/co/galcon-sentek,,0
Gamut Packaging,https://mjbizcon2025.smallworldlabs.com/co/gamut-packaging,https://gamutpackaging.com,100
"General Data Co., Inc.",https://mjbizcon2025.smallworldlabs.com/co/general-data-co-inc,https://generaldata.com,80
Gleafgroup,https://mjbizcon2025.smallworldlabs.com/co/gleafgroup,https://gleafgroup.com,75
Green Rush Packaging,https://mjbizcon2025.smallworldlabs.com/co/green-rush-packaging,https://greenrushpackaging.com,100
Green Vault Systems,https://mjbizcon2025.smallworldlabs.com/co/green-vault-systems,https://greenvaultsystems.com,100
Green Zoned Realty,https://mjbizcon2025.smallworldlabs.com/co/green-zoned-realty,https://greenzonedrealty.com,100
GreenSpace,https://mjbizcon2025.smallworldlabs.com/co/greenspace,https://greenspace.com,75
GreenWill Global LLC,https://mjbizcon2025.smallworldlabs.com/co/greenwill-global-llc,https://greenwillglobal.net,80
Greenbax Marketplace,https://mjbizcon2025.smallworldlabs.com/co/greenbax-marketplace,,0
Griffin Greenhouse Supplies,https://mjbizcon2025.smallworldlabs.com/co/griffin-greenhouse-supplies,,0
Grodan,https://mjbizcon2025.smallworldlabs.com/co/grodan,https://grodan.com,75
Grow More,https://mjbizcon2025.smallworldlabs.com/co/grow-more,https://growmore.com,100
Grow Pros Solutions,https://mjbizcon2025.smallworldlabs.com/co/grow-pros-solutions,https://growprossolutions.com,100
GrowGeneration Corp.,https://mjbizcon2025.smallworldlabs.com/co/growgeneration-corp,,0
Grower's Choice,https://mjbizcon2025.smallworldlabs.com/co/grower-s-choice,https://growerschoice.com,75
Growers Republic Inc.,https://mjbizcon2025.smallworldlabs.com/co/growers-republic-inc,https://growersrepublic.com,80
Guangdong Ruisoon Intelligent Machine Co. Ltd,https://mjbizcon2025.smallworldlabs.com/co/guangdong-ruisoon-intelligent-machine-co-ltd,,0
"Guangzhou Best Packaging Products Co., Ltd.",https://mjbizcon2025.smallworldlabs.com/co/guangzhou-best-packaging-products-co-ltd,,0
Guangzhou Jiaxing Glass Products,https://mjbizcon2025.smallworldlabs.com/co/guangzhou-jiaxing-glass-products,,0
"Guangzhou Linong Lighting Technology Co.,Ltd",https://mjbizcon2025.smallworldlabs.com/co/guangzhou-linong-lighting-technology-co-ltd,,0
Guardian Extraction Safety,https://mjbizcon2025.smallworldlabs.com/co/guardian-extraction-safety,,0
"Gusmer Enterprises, Inc.",https://mjbizcon2025.smallworldlabs.com/co/gusmer-enterprises-inc,https://gusmerenterprises.com,75
HBI International,https://mjbizcon2025.smallworldlabs.com/co/hbi-international,https://hbiinternational.com,70
HC PACKAGING VIETNAM COMPANY LIMITED,https://mjbizcon2025.smallworldlabs.com/co/hc-packaging-vietnam-company-limited,,0
HEMCO Corporation,https://mjbizcon2025.smallworldlabs.com/co/hemco-corporation,,0
HIICORE BRAND,https://mjbizcon2025.smallworldlabs.com/co/hiicore-brand,,0
"HM Digital, Inc.",https://mjbizcon2025.smallworldlabs.com/co/hm-digital-inc,,0
HONEYPUFF,https://mjbizcon2025.smallworldlabs.com/co/honeypuff,,0
HUBER USA Inc,https://mjbizcon2025.smallworldlabs.com/co/huber-usa-inc,https://huberusa.com,75
"Hangzhou Hanguang Illumination Co.,Ltd.",https://mjbizcon2025.smallworldlabs.com/co/hangzhou-hanguang-illumination-co-ltd,,0
"Hangzhou Hongyun Color Printing Co., Ltd.",https://mjbizcon2025.smallworldlabs.com/co/hangzhou-hongyun-color-printing-co-ltd,,0
Hanwha Vision,https://mjbizcon2025.smallworldlabs.com/co/hanwha-vision,https://hanwhavision.com,100
Happy Head Marketing,https://mjbizcon2025.smallworldlabs.com/co/happy-head-marketing,https://happyheadmarketing.com,100
Happy Valley Genetics,https://mjbizcon2025.smallworldlabs.com/co/happy-valley-genetics,https://happyvalleygenetics.com,100
Hara Supply,https://mjbizcon2025.smallworldlabs.com/co/hara-supply,https://harasupply.com,100
Hardware Factory Store,https://mjbizcon2025.smallworldlabs.com/co/hardware-factory-store,https://hardwarefactorystore.com,100
"HarvesTech, LLC",https://mjbizcon2025.smallworldlabs.com/co/harvestech-llc,,0
Harvest Panel Systems,https://mjbizcon2025.smallworldlabs.com/co/harvest-panel-systems,,0
Haze Valley Nursery inc,https://mjbizcon2025.smallworldlabs.com/co/haze-valley-nursery-inc,https://hazevalleynursery.com,100
Hefestus,https://mjbizcon2025.smallworldlabs.com/co/hefestus,https://hefestus.net,75
Hempire,https://mjbizcon2025.smallworldlabs.com/co/hempire,https://hempire.com,75
Herb,https://mjbizcon2025.smallworldlabs.com/co/herb,https://herb.co,75
Heyes Filters Inc.,https://mjbizcon2025.smallworldlabs.com/co/heyes-filters-inc,https://heyesfilters.com,80
High Mountain Imports,https://mjbizcon2025.smallworldlabs.com/co/high-mountain-imports,https://highmountainimports.com,100
High Tek USA,https://mjbizcon2025.smallworldlabs.com/co/high-tek-usa,https://hightekusa.com,75
High-Not,https://mjbizcon2025.smallworldlabs.com/co/high-not,https://highnot.com,70
Honest Cannabis,https://mjbizcon2025.smallworldlabs.com/co/honest-cannabis,https://honestcannabis.com,75
Hoodie Analytics,https://mjbizcon2025.smallworldlabs.com/co/hoodie-analytics,https://hoodieanalytics.com,100
HortGrow Solutions LLC,https://mjbizcon2025.smallworldlabs.com/co/hortgrow-solutions-llc,,0
Hortibest Grow Lighting,https://mjbizcon2025.smallworldlabs.com/co/hortibest-grow-lighting,,0
Horticulture Lighting Group,https://mjbizcon2025.smallworldlabs.com/co/horticulture-lighting-group,https://horticulturelightinggroup.com,100
ILUMINAR Lighting,https://mjbizcon2025.smallworldlabs.com/co/iluminar-lighting,https://iluminarlighting.com,100
IM,https://mjbizcon2025.smallworldlabs.com/co/im,,0
IMA North America,https://mjbizcon2025.smallworldlabs.com/co/ima-north-america,https://imanorthamerica.com,100
IVEK Corporation,https://mjbizcon2025.smallworldlabs.com/co/ivek-corporation,https://ivek.com,75
InTrack CFO,https://mjbizcon2025.smallworldlabs.com/co/intrack-cfo,https://intrackcfo.com,75
"Industrial Sonomechanics, LLC",https://mjbizcon2025.smallworldlabs.com/co/industrial-sonomechanics-llc,https://industrialsonomechanics.com,75
Infusense,https://mjbizcon2025.smallworldlabs.com/co/infusense,https://infusense.com,75
Innovative Solutions,https://mjbizcon2025.smallworldlabs.com/co/innovative-solutions,https://innovativesolutions.com,100
InstaKey Security System,https://mjbizcon2025.smallworldlabs.com/co/instakey-security-system,,0
Integra Specialty Products,https://mjbizcon2025.smallworldlabs.com/co/integra-specialty-products,https://integraspecialtyproducts.com,100
International Horticultural Technologies,https://mjbizcon2025.smallworldlabs.com/co/international-horticultural-technologies,,0
Iron Heart Canning,https://mjbizcon2025.smallworldlabs.com/co/iron-heart-canning,https://www.ironheartcanning.com,100
"Iustitia d.o.o., - Snail Custom Rolling Papers",https://mjbizcon2025.smallworldlabs.com/co/iustitia-d-o-o-snail-custom-rolling-paper,,0
JLCG ENTERPRISE COMPANY LIMITED,https://mjbizcon2025.smallworldlabs.com/co/jlcg-enterprise-company-limited,,0
JWC Environmental,https://mjbizcon2025.smallworldlabs.com/co/jwc-environmental,,0
Jerome Baker Designs,https://mjbizcon2025.smallworldlabs.com/co/jerome-baker-designs,https://jeromebakerdesigns.com,100
Jinko Tin Packaging,https://mjbizcon2025.smallworldlabs.com/co/jinko-tin-packaging,,0
Juana Dips,https://mjbizcon2025.smallworldlabs.com/co/juana-dips,https://juanadips.com,100
"JumpLights, Inc.",https://mjbizcon2025.smallworldlabs.com/co/jumplights-inc,,0
KDG Glassware,https://mjbizcon2025.smallworldlabs.com/co/kdg-glassware,https://kdgglassware.com,75
KND Labs | MyCo,https://mjbizcon2025.smallworldlabs.com/co/knd-labs-myco,,0
Kaya Coir,https://mjbizcon2025.smallworldlabs.com/co/kaya-coir,https://kayacoir.com,100
KayaPush,https://mjbizcon2025.smallworldlabs.com/co/kayapush,https://kayapush.com,75
King Kone,https://mjbizcon2025.smallworldlabs.com/co/king-kone,https://kingkone.com,100
Kobra,https://mjbizcon2025.smallworldlabs.com/co/kobra,https://kobra.com,75
Koppert US,https://mjbizcon2025.smallworldlabs.com/co/koppert-us,https://koppertus.com,75
Kretek International,https://mjbizcon2025.smallworldlabs.com/co/kretek-international,,0
KurePro dba Maxcore,https://mjbizcon2025.smallworldlabs.com/co/kurepro-dba-maxcore,,0
Körber Technologies GmbH,https://mjbizcon2025.smallworldlabs.com/co/k-rber-technologies-gmbh,,0
LION AGRITECH PTE. LTD.,https://mjbizcon2025.smallworldlabs.com/co/lion-agritech-pte-ltd,,0
LOM Machine,https://mjbizcon2025.smallworldlabs.com/co/lom-machine,,0
LOOKAH,https://mjbizcon2025.smallworldlabs.com/co/lookah,https://lookah.com,75
Leaf List,https://mjbizcon2025.smallworldlabs.com/co/leaf-list,https://leaflist.com,100
LeafyPack,https://mjbizcon2025.smallworldlabs.com/co/leafypack,https://leafypack.com,75
Leana’s Art Design,https://mjbizcon2025.smallworldlabs.com/co/leana-s-art-design,,0
Ledestar Optoelectronic technology Co.ltd.,https://mjbizcon2025.smallworldlabs.com/co/ledestar-optoelectronic-technology-co-ltd,,0
Linde Gas & Equipment Inc.,https://mjbizcon2025.smallworldlabs.com/co/linde-gas-equipment-inc,,0
Link Pack,https://mjbizcon2025.smallworldlabs.com/co/link-pack,https://linkpack.com,100
Loud Spectrum,https://mjbizcon2025.smallworldlabs.com/co/loud-spectrum,https://loudspectrum.com,100
"Lowtemp Industries, LLC",https://mjbizcon2025.smallworldlabs.com/co/lowtemp-industries-llc,https://lowtempindustries.com,75
"LuvBuds, LLC",https://mjbizcon2025.smallworldlabs.com/co/luvbuds-llc,,0
MACH Technologies,https://mjbizcon2025.smallworldlabs.com/co/mach-technologies,https://machtechnologies.com,100
MACHINABIS,https://mjbizcon2025.smallworldlabs.com/co/machinabis,https://www.machinabis.com,75
MB Stainless,https://mjbizcon2025.smallworldlabs.com/co/mb-stainless,https://mbstainless.com,75
MITA USA,https://mjbizcon2025.smallworldlabs.com/co/mita-usa,https://mitausa.com,75
MIXTRON S.R.L.,https://mjbizcon2025.smallworldlabs.com/co/mixtron-s-r-l,,0
Marchesini Group USA,https://mjbizcon2025.smallworldlabs.com/co/marchesini-group-usa,,0
Master Products Spain,https://mjbizcon2025.smallworldlabs.com/co/master-products-spain,,0
Matrix Lighting,https://mjbizcon2025.smallworldlabs.com/co/matrix-lighting,https://matrixlighting.co,100
Mobius,https://mjbizcon2025.smallworldlabs.com/co/mobius,https://mobiusglobal.com,75
Momma Jane’s Cleaner,https://mjbizcon2025.smallworldlabs.com/co/momma-jane-s-cleaner,https://mommajanescleaner.com,100
Mother Murphy's Flavors,https://mjbizcon2025.smallworldlabs.com/co/mother-murphy-s-flavors,,0
"Mudanjiang Hengfeng Paper Co., Ltd",https://mjbizcon2025.smallworldlabs.com/co/mudanjiang-hengfeng-paper-co-ltd,,0
Multisorb Technologies,https://mjbizcon2025.smallworldlabs.com/co/multisorb-technologies,,0
My Bud Vase,https://mjbizcon2025.smallworldlabs.com/co/my-bud-vase,https://mybudvase.com,75
MylarMen,https://mjbizcon2025.smallworldlabs.com/co/mylarmen,https://mylarmen.com,75
NANOGRUPPE,https://mjbizcon2025.smallworldlabs.com/co/nanogruppe,,0
NEC Financial Services,https://mjbizcon2025.smallworldlabs.com/co/nec-financial-services,,0
"NEPA Carton and Carrier Company, Inc.",https://mjbizcon2025.smallworldlabs.com/co/nepa-carton-and-carrier-company-inc,,0
"NEW DREAM TECH CO.,LTD.",https://mjbizcon2025.smallworldlabs.com/co/new-dream-tech-co-ltd,,0
"NINGBO HONOR INTERNATIONAL TRADE CO., LTD",https://mjbizcon2025.smallworldlabs.com/co/ningbo-honor-international-trade-co-ltd,,0
NWTN HOME,https://mjbizcon2025.smallworldlabs.com/co/nwtn-home,https://nwtnhome.com,100
Nanolux Technology Inc.,https://mjbizcon2025.smallworldlabs.com/co/nanolux-technology-inc,,0
Next G3N Greenhouse,https://mjbizcon2025.smallworldlabs.com/co/next-g3n-greenhouse,https://nextg3ngreenhouse.com,100
"Ningbo Donglong Intelligent Technology Co., Ltd",https://mjbizcon2025.smallworldlabs.com/co/ningbo-donglong-intelligent-technology-co-l,,0
"Ningbo Woofun New Material Technology Co., Ltd.",https://mjbizcon2025.smallworldlabs.com/co/ningbo-woofun-new-material-technology-co-lt,,0
Nobelus,https://mjbizcon2025.smallworldlabs.com/co/nobelus,https://nobelus.com,75
Northwestern Extract Co.,https://mjbizcon2025.smallworldlabs.com/co/northwestern-extract-co,https://northwesternextract.com,100
Nova Aeroponics,https://mjbizcon2025.smallworldlabs.com/co/nova-aeroponics,https://novaaeroponics.com,100
NuCO2,https://mjbizcon2025.smallworldlabs.com/co/nuco2,https://www.nuco2.com,75
O2VAPE,https://mjbizcon2025.smallworldlabs.com/co/o2vape,https://o2vape.com,75
O:tsire,https://mjbizcon2025.smallworldlabs.com/co/o-tsire,https://otsire.com,70
"OHP, Inc.",https://mjbizcon2025.smallworldlabs.com/co/ohp-inc,,0
ONGROK LTD,https://mjbizcon2025.smallworldlabs.com/co/ongrok-ltd,https://ongrok.com,75
Octave,https://mjbizcon2025.smallworldlabs.com/co/octave,https://www.octave.com,75
Omega Equipment & Supply,https://mjbizcon2025.smallworldlabs.com/co/omega-equipment-supply,,0
Orange Photonics Inc.,https://mjbizcon2025.smallworldlabs.com/co/orange-photonics-inc,https://orangephotonics.com,80
Outlaw Technology,https://mjbizcon2025.smallworldlabs.com/co/outlaw-technology,https://outlawtechnology.net,100
P&M Printing Packaging Inc.,https://mjbizcon2025.smallworldlabs.com/co/p-m-printing-packaging-inc,,0
PCT Ebeam and Integration,https://mjbizcon2025.smallworldlabs.com/co/pct-ebeam-and-integration,https://pctebeamandintegration.com,100
PHILIPS RX® (F&S Tool Inc.),https://mjbizcon2025.smallworldlabs.com/co/philips-rx-f-s-tool-inc,,0
PLS,https://mjbizcon2025.smallworldlabs.com/co/pls,,0
PRO Scientific Inc.,https://mjbizcon2025.smallworldlabs.com/co/pro-scientific-inc,https://proscientific.com,75
PRO-MIX (Premier Tech Horticulture),https://mjbizcon2025.smallworldlabs.com/co/pro-mix-premier-tech-horticulture,,0
PURE5 Extraction,https://mjbizcon2025.smallworldlabs.com/co/pure5-extraction,https://pure5extraction.com,100
Pack Leader USA,https://mjbizcon2025.smallworldlabs.com/co/pack-leader-usa,https://packleaderusa.com,100
Papa Health Inc.,https://mjbizcon2025.smallworldlabs.com/co/papa-health-inc,https://papahealth.com,80
ParaFlow,https://mjbizcon2025.smallworldlabs.com/co/paraflow,https://paraflow.com,75
Paragon Payroll,https://mjbizcon2025.smallworldlabs.com/co/paragon-payroll,https://paragonpayroll.com,100
Pastime,https://mjbizcon2025.smallworldlabs.com/co/pastime,https://pastime.co,75
Patterson Fan Co.,https://mjbizcon2025.smallworldlabs.com/co/patterson-fan-co,https://pattersonfan.com,75
"PayNet Systems,LLC",https://mjbizcon2025.smallworldlabs.com/co/paynet-systems-llc,,0
Paybotic,https://mjbizcon2025.smallworldlabs.com/co/paybotic,https://paybotic.com,75
Phinest Cannabis,https://mjbizcon2025.smallworldlabs.com/co/phinest-cannabis,https://phinestcannabis.com,75
PhotonDancing B.V.,https://mjbizcon2025.smallworldlabs.com/co/photondancing-b-v,,0
Phylos Bioscience,https://mjbizcon2025.smallworldlabs.com/co/phylos-bioscience,https://phylosbioscience.com,100
Pipp Horticulture,https://mjbizcon2025.smallworldlabs.com/co/pipp-horticulture,https://pipphorticulture.com,100
Pipp Horticulture/GGS Structures,https://mjbizcon2025.smallworldlabs.com/co/pipp-horticulture-ggs-structures,,0
PodTronix,https://mjbizcon2025.smallworldlabs.com/co/podtronix,https://podtronix.com,75
Priva North America,https://mjbizcon2025.smallworldlabs.com/co/priva-north-america,,0
"ProO2, LLC",https://mjbizcon2025.smallworldlabs.com/co/proo2-llc,,0
Proteus420,https://mjbizcon2025.smallworldlabs.com/co/proteus420,https://proteus420.com,75
Puffco,https://mjbizcon2025.smallworldlabs.com/co/puffco,https://puff.co,75
Pulsar,https://mjbizcon2025.smallworldlabs.com/co/pulsar,https://pulsar.com,75
Purpl Scientific Inc.,https://mjbizcon2025.smallworldlabs.com/co/purpl-scientific-inc,https://purplscientific.com,80
Purple City Genetics,https://mjbizcon2025.smallworldlabs.com/co/purple-city-genetics,https://purplecitygenetics.com,100
Pyrite Trading Company LLC,https://mjbizcon2025.smallworldlabs.com/co/pyrite-trading-company-llc,https://pyritetrading.com,80
QUEST CLIMATE,https://mjbizcon2025.smallworldlabs.com/co/quest-climate,https://questclimate.com,100
"Qingdao Giant Packaging Co.,Ltd",https://mjbizcon2025.smallworldlabs.com/co/qingdao-giant-packaging-co-ltd,,0
Quality Horticulture,https://mjbizcon2025.smallworldlabs.com/co/quality-horticulture,,0
RELEAFY,https://mjbizcon2025.smallworldlabs.com/co/releafy,https://releafy.com,75
"RIOCOCO-Ceyhinz Link International, Inc.",https://mjbizcon2025.smallworldlabs.com/co/riococo-ceyhinz-link-international-inc,,0
Rad Source Technologies Inc.,https://mjbizcon2025.smallworldlabs.com/co/rad-source-technologies-inc,,0
Rank Really High,https://mjbizcon2025.smallworldlabs.com/co/rank-really-high,https://rankreallyhigh.com,100
Render Packaging,https://mjbizcon2025.smallworldlabs.com/co/render-packaging,https://renderpackaging.com,100
Rentokil,https://mjbizcon2025.smallworldlabs.com/co/rentokil,https://rentokil.com,75
"Rhythm Cultivation Solutions & Services, LLC",https://mjbizcon2025.smallworldlabs.com/co/rhythm-cultivation-solutions-services-llc,,0
Richmat US LLC,https://mjbizcon2025.smallworldlabs.com/co/richmat-us-llc,,0
Right Stuff Equipment,https://mjbizcon2025.smallworldlabs.com/co/right-stuff-equipment,https://rightstuffequipment.com,100
Rivulis Jain,https://mjbizcon2025.smallworldlabs.com/co/rivulis-jain,,0
RollPros,https://mjbizcon2025.smallworldlabs.com/co/rollpros,,0
Rolling Solutions USA,https://mjbizcon2025.smallworldlabs.com/co/rolling-solutions-usa,https://rollingsolutionsusa.com,100
Root Sciences,https://mjbizcon2025.smallworldlabs.com/co/root-sciences,https://rootsciences.com,100
Royal Gold,https://mjbizcon2025.smallworldlabs.com/co/royal-gold,https://royalgold.com,100
Royse Partners Limited,https://mjbizcon2025.smallworldlabs.com/co/royse-partners-limited,,0
SAGE,https://mjbizcon2025.smallworldlabs.com/co/sage,https://sage.com,75
SANlight GmbH,https://mjbizcon2025.smallworldlabs.com/co/sanlight-gmbh,,0
SASIB S.p.A.,https://mjbizcon2025.smallworldlabs.com/co/sasib-s-p-a,,0
Safety Storage Inc.,https://mjbizcon2025.smallworldlabs.com/co/safety-storage-inc,https://safetystorage.com,80
Safrax,https://mjbizcon2025.smallworldlabs.com/co/safrax,https://safrax.com,75
Sample Automation LLC,https://mjbizcon2025.smallworldlabs.com/co/sample-automation-llc,https://sampleautomation.com,80
Samson Extracts,https://mjbizcon2025.smallworldlabs.com/co/samson-extracts,https://samsonextracts.com,100
"Schaefer Technologies, Inc.",https://mjbizcon2025.smallworldlabs.com/co/schaefer-technologies-inc,https://schaefertechnologies.com,75
SciPhy Systems,https://mjbizcon2025.smallworldlabs.com/co/sciphy-systems,https://sciphysystems.com,100
Seapearl x LLT Waterproof Connectors,https://mjbizcon2025.smallworldlabs.com/co/seapearl-x-llt-waterproof-connectors,,0
SecuraBull,https://mjbizcon2025.smallworldlabs.com/co/securabull,https://securabull.com,75
Seedburo Equipment Co,https://mjbizcon2025.smallworldlabs.com/co/seedburo-equipment-co,,0
Sensorite Inc,https://mjbizcon2025.smallworldlabs.com/co/sensorite-inc,https://sensorite.com,75
"Shanghai Best China Industry Co., Ltd",https://mjbizcon2025.smallworldlabs.com/co/shanghai-best-china-industry-co-ltd,,0
"Shanghai Chengxiang Machinery Co.,Ltd",https://mjbizcon2025.smallworldlabs.com/co/shanghai-chengxiang-machinery-co-ltd,,0
"Shenzhen 3KM Optoelectronics Technology Co., Ltd.",https://mjbizcon2025.smallworldlabs.com/co/shenzhen-3km-optoelectronics-technology-co,,0
"Shenzhen Ace Lighting Co.,Ltd",https://mjbizcon2025.smallworldlabs.com/co/shenzhen-ace-lighting-co-ltd,,0
"Shenzhen Afancy Technology Co., Ltd.",https://mjbizcon2025.smallworldlabs.com/co/shenzhen-afancy-technology-co-ltd,,0
"Shenzhen Alphagreen Vape Co., Ltd.",https://mjbizcon2025.smallworldlabs.com/co/shenzhen-alphagreen-vape-co-ltd,,0
"Shenzhen Avictor Technology Co., Ltd",https://mjbizcon2025.smallworldlabs.com/co/shenzhen-avictor-technology-co-ltd,,0
"Shenzhen archibald Technology Co., ltd",https://mjbizcon2025.smallworldlabs.com/co/shenzhen-archibald-technology-co-ltd,,0
eBottles,https://mjbizcon2025.smallworldlabs.com/co/ebottles,https://ebottles.com,75
iKrusher,https://mjbizcon2025.smallworldlabs.com/co/ikrusher,https://ikrusher.com,75
iLiving USA,https://mjbizcon2025.smallworldlabs.com/co/iliving-usa,https://ilivingusa.com,75
lytepost,https://mjbizcon2025.smallworldlabs.com/co/lytepost,https://lytepost.com,75
