Name,URL
1Digital Agency,https://mjbizcon2025.smallworldlabs.com/co/1digital-agency
3 Dragons Brewing,https://mjbizcon2025.smallworldlabs.com/co/3-dragons-brewing
365 Cannabis,https://mjbizcon2025.smallworldlabs.com/co/365-cannabis
3WIN CORP,https://mjbizcon2025.smallworldlabs.com/co/3win-corp
A&D Weighing,https://mjbizcon2025.smallworldlabs.com/co/a-d-weighing
A.E. Perkins,https://mjbizcon2025.smallworldlabs.com/co/a-e-perkins
AAF International,https://mjbizcon2025.smallworldlabs.com/co/aaf-international
AB Lighting,https://mjbizcon2025.smallworldlabs.com/co/ab-lighting
ACE ROLLING INTERNATIONAL LIMITED,https://mjbizcon2025.smallworldlabs.com/co/ace-rolling-international-limited
ACTIVE™ (formerly AVD),https://mjbizcon2025.smallworldlabs.com/co/active-formerly-avd
AE Global,https://mjbizcon2025.smallworldlabs.com/co/ae-global
"AFJ Technology Co., Ltd",https://mjbizcon2025.smallworldlabs.com/co/afj-technology-co-ltd
ALD Group Limited,https://mjbizcon2025.smallworldlabs.com/co/ald-group-limited
APPS Inc,https://mjbizcon2025.smallworldlabs.com/co/apps-inc
ARTRIX,https://mjbizcon2025.smallworldlabs.com/co/artrix
ASUWANT PACKAGING INC.,https://mjbizcon2025.smallworldlabs.com/co/asuwant-packaging-inc
ASYGN,https://mjbizcon2025.smallworldlabs.com/co/asygn
"ATOP Lighting Co., Ltd.",https://mjbizcon2025.smallworldlabs.com/co/atop-lighting-co-ltd
AUI Fine Foods,https://mjbizcon2025.smallworldlabs.com/co/aui-fine-foods
AZ Cash Solutions LLC,https://mjbizcon2025.smallworldlabs.com/co/az-cash-solutions-llc
Abstrax,https://mjbizcon2025.smallworldlabs.com/co/abstrax
Accelerant Manufacturing,https://mjbizcon2025.smallworldlabs.com/co/accelerant-manufacturing
Access Rosin,https://mjbizcon2025.smallworldlabs.com/co/access-rosin
Accounting Buds,https://mjbizcon2025.smallworldlabs.com/co/accounting-buds
AccuBANKER,https://mjbizcon2025.smallworldlabs.com/co/accubanker
AccuCycler,https://mjbizcon2025.smallworldlabs.com/co/accucycler
Across International,https://mjbizcon2025.smallworldlabs.com/co/across-international
Acrylic World,https://mjbizcon2025.smallworldlabs.com/co/acrylic-world
Advanced Extraction Labs,https://mjbizcon2025.smallworldlabs.com/co/advanced-extraction-labs
Advanced Nutrients,https://mjbizcon2025.smallworldlabs.com/co/advanced-nutrients
"Agdia, Inc",https://mjbizcon2025.smallworldlabs.com/co/agdia-inc
AgeChecker.Net,https://mjbizcon2025.smallworldlabs.com/co/agechecker-net
Agronomic IQ,https://mjbizcon2025.smallworldlabs.com/co/agronomic-iq
Agrowtek Inc,https://mjbizcon2025.smallworldlabs.com/co/agrowtek-inc
Air & Water Systems,https://mjbizcon2025.smallworldlabs.com/co/air-water-systems
AirGrean Enterprises,https://mjbizcon2025.smallworldlabs.com/co/airgrean-enterprises
AirROS by SAGE Industrial,https://mjbizcon2025.smallworldlabs.com/co/airros-by-sage-industrial
Alconox Inc.,https://mjbizcon2025.smallworldlabs.com/co/alconox-inc
Alpine IQ Inc.,https://mjbizcon2025.smallworldlabs.com/co/alpine-iq-inc
Ambrosia Cropz,https://mjbizcon2025.smallworldlabs.com/co/ambrosia-cropz
Amcor Flexibles North America,https://mjbizcon2025.smallworldlabs.com/co/amcor-flexibles-north-america
AmeriVacS,https://mjbizcon2025.smallworldlabs.com/co/amerivacs
American Ethanol,https://mjbizcon2025.smallworldlabs.com/co/american-ethanol
American Ultraviolet,https://mjbizcon2025.smallworldlabs.com/co/american-ultraviolet
Amoretti,https://mjbizcon2025.smallworldlabs.com/co/amoretti
Ampak Chemicals / Breen laboratories,https://mjbizcon2025.smallworldlabs.com/co/ampak-chemicals-breen-laboratories
Anden,https://mjbizcon2025.smallworldlabs.com/co/anden
"Andylots Tin Box Packaging Co.,Ltd.",https://mjbizcon2025.smallworldlabs.com/co/andylots-tin-box-packaging-co-ltd
"Apex Flavors, Inc.",https://mjbizcon2025.smallworldlabs.com/co/apex-flavors-inc
Apex Trading,https://mjbizcon2025.smallworldlabs.com/co/apex-trading
"Apogee Instruments, Inc.",https://mjbizcon2025.smallworldlabs.com/co/apogee-instruments-inc
Arborjet,https://mjbizcon2025.smallworldlabs.com/co/arborjet
Arcana Collective,https://mjbizcon2025.smallworldlabs.com/co/arcana-collective
Argus Control Systems Ltd.,https://mjbizcon2025.smallworldlabs.com/co/argus-control-systems-ltd
Art Rolls,https://mjbizcon2025.smallworldlabs.com/co/art-rolls
Asia Direct Packaging Corp,https://mjbizcon2025.smallworldlabs.com/co/asia-direct-packaging-corp
Aspyre Equipment,https://mjbizcon2025.smallworldlabs.com/co/aspyre-equipment
Azuca,https://mjbizcon2025.smallworldlabs.com/co/azuca
BFG Supply,https://mjbizcon2025.smallworldlabs.com/co/bfg-supply
BIC,https://mjbizcon2025.smallworldlabs.com/co/bic
BIG Incentive Group,https://mjbizcon2025.smallworldlabs.com/co/big-incentive-group
BIOS Grow Lights,https://mjbizcon2025.smallworldlabs.com/co/bios-grow-lights
BLAZE,https://mjbizcon2025.smallworldlabs.com/co/blaze
BOLD Carts,https://mjbizcon2025.smallworldlabs.com/co/bold-carts
BOLD MAKER,https://mjbizcon2025.smallworldlabs.com/co/bold-maker
BRMS LLC,https://mjbizcon2025.smallworldlabs.com/co/brms-llc
BVV,https://mjbizcon2025.smallworldlabs.com/co/bvv
Baker Perkins,https://mjbizcon2025.smallworldlabs.com/co/baker-perkins
Bankcard International Group,https://mjbizcon2025.smallworldlabs.com/co/bankcard-international-group
Barneys Farm Genetics,https://mjbizcon2025.smallworldlabs.com/co/barneys-farm-genetics
"BatchNav, Inc.",https://mjbizcon2025.smallworldlabs.com/co/batchnav-inc
Beaker & Wrench,https://mjbizcon2025.smallworldlabs.com/co/beaker-wrench
Beamer,https://mjbizcon2025.smallworldlabs.com/co/beamer
Bear Rootz Inc.,https://mjbizcon2025.smallworldlabs.com/co/bear-rootz-inc
Best Bud Brands LLC,https://mjbizcon2025.smallworldlabs.com/co/best-bud-brands-llc
Better Tomorrow Consulting and Coaching,https://mjbizcon2025.smallworldlabs.com/co/better-tomorrow-consulting-and-coaching
BioBee USA,https://mjbizcon2025.smallworldlabs.com/co/biobee-usa
BioSafe Systems,https://mjbizcon2025.smallworldlabs.com/co/biosafe-systems
BioTherm / TrueLeaf Technologies,https://mjbizcon2025.smallworldlabs.com/co/biotherm-trueleaf-technologies
BioTrack Alleaves,https://mjbizcon2025.smallworldlabs.com/co/biotrack-alleaves
Biobizz World Wide Organics,https://mjbizcon2025.smallworldlabs.com/co/biobizz-world-wide-organics
Black Mamba,https://mjbizcon2025.smallworldlabs.com/co/black-mamba
Blazy Susan LLC,https://mjbizcon2025.smallworldlabs.com/co/blazy-susan-llc
Blimburn Seeds,https://mjbizcon2025.smallworldlabs.com/co/blimburn-seeds
Blue Label Packaging Company,https://mjbizcon2025.smallworldlabs.com/co/blue-label-packaging-company
Bong Pong,https://mjbizcon2025.smallworldlabs.com/co/bong-pong
Boshang Technology (HK) Limited,https://mjbizcon2025.smallworldlabs.com/co/boshang-technology-hk-limited
"Boulderlamp, Inc",https://mjbizcon2025.smallworldlabs.com/co/boulderlamp-inc
Boveda,https://mjbizcon2025.smallworldlabs.com/co/boveda
Brand My Beverage,https://mjbizcon2025.smallworldlabs.com/co/brand-my-beverage
Brandco Distributing LLC C/O Royal Queen Seeds,https://mjbizcon2025.smallworldlabs.com/co/brandco-distributing-llc-c-o-royal-queen-seed
Breeza Industrial,https://mjbizcon2025.smallworldlabs.com/co/breeza-industrial
Bud Bar Displays,https://mjbizcon2025.smallworldlabs.com/co/bud-bar-displays
Buffalo Extraction Systems Pvt Ltd.,https://mjbizcon2025.smallworldlabs.com/co/buffalo-extraction-systems-pvt-ltd
Bush Refrigerated Vans,https://mjbizcon2025.smallworldlabs.com/co/bush-refrigerated-vans
Cal Valley,https://mjbizcon2025.smallworldlabs.com/co/cal-valley
Caleaf Tech,https://mjbizcon2025.smallworldlabs.com/co/caleaf-tech
CaliKaya™,https://mjbizcon2025.smallworldlabs.com/co/calikaya
Calico Brands Inc.,https://mjbizcon2025.smallworldlabs.com/co/calico-brands-inc
California Lightworks,https://mjbizcon2025.smallworldlabs.com/co/california-lightworks
